{
    "rmse": 0.689438390841416,
    "mae": 0.5494870191184204,
    "r2": 0.26019409374941493
}