{
    "rmse": 0.6872783126268229,
    "mae": 0.5305905865015446,
    "r2": 0.2886005060323463
}